neighborhood;borough;coordinates
Allerton;Bronx;-73.8486,40.87167/-73.84582,40.87024/-73.85456,40.85995/-73.85467,40.85959/-73.85639,40.85759/-73.86888,40.85722/-73.86832,40.85786/-73.86955,40.85778/-73.87102,40.85731/-73.87048,40.86541/-73.87055,40.8697/-73.86722,40.86969/-73.85745,40.86953/-73.85555,40.87181/-73.8536,40.87329/-73.8486,40.87167/
Alley Pond Park;Queens;-73.74333,40.73888/-73.74371,40.7394/-73.74402,40.74077/-73.7499,40.73977/-73.75145,40.74023/-73.75349,40.74239/-73.74844,40.74334/-73.74573,40.74295/-73.74476,40.74333/-73.74648,40.74685/-73.74376,40.74756/-73.7441,40.74819/-73.74566,40.75158/-73.74602,40.75266/-73.74751,40.75614/-73.75046,40.75939/-73.75242,40.76009/-73.75348,40.75881/-73.75645,40.75889/-73.75798,40.75866/-73.75978,40.75785/-73.76067,40.75699/-73.76073,40.7559/-73.76015,40.75505/-73.76067,40.75487/-73.76142,40.75574/-73.76131,40.75696/-73.76166,40.75815/-73.76093,40.75903/-73.75962,40.75922/-73.75887,40.75994/-73.75805,40.76013/-73.75792,40.76042/-73.7584,40.76201/-73.75699,40.76227/-73.75003,40.76375/-73.74929,40.76309/-73.74622,40.76423/-73.74496,40.76215/-73.74442,40.76049/-73.74268,40.75879/-73.74084,40.75601/-73.73929,40.75705/-73.73916,40.7563/-73.73976,40.75544/-73.74098,40.75487/-73.74133,40.75459/-73.74185,40.75347/-73.74135,40.75247/-73.74091,40.75198/-73.73989,40.75134/-73.7383,40.74922/-73.73737,40.74835/-73.73672,40.74792/-73.73588,40.74753/-73.73542,40.74714/-73.73516,40.74656/-73.73504,40.74612/-73.73505,40.74487/-73.73476,40.74412/-73.73375,40.74284/-73.73321,40.7418/-73.73379,40.73899/-73.73848,40.73812/-73.74016,40.73853/-73.74129,40.73881/-73.74303,40.73844/-73.74333,40.73888/
Arden Heights;Staten Island;-74.16983,40.56108/-74.16982,40.56106/-74.16707,40.54821/-74.16692,40.54794/-74.16689,40.54785/-74.16685,40.54782/-74.16683,40.54778/-74.16623,40.54734/-74.1653,40.54427/-74.16992,40.54223/-74.17728,40.54063/-74.17733,40.54062/-74.1774,40.54248/-74.1765,40.54449/-74.18072,40.54667/-74.17959,40.54807/-74.17881,40.54966/-74.17933,40.54989/-74.18209,40.5511/-74.18318,40.5552/-74.18464,40.55381/-74.18551,40.55424/-74.18566,40.5541/-74.18609,40.55455/-74.18827,40.55328/-74.18781,40.55282/-74.18707,40.55242/-74.18858,40.55071/-74.18932,40.55113/-74.19057,40.552/-74.19242,40.55375/-74.19769,40.55889/-74.19408,40.56208/-74.19315,40.56264/-74.19259,40.56273/-74.19241,40.56427/-74.19079,40.56439/-74.19034,40.56305/-74.18946,40.56364/-74.18525,40.56455/-74.18437,40.56516/-74.18431,40.56653/-74.18285,40.56665/-74.18263,40.56556/-74.18158,40.56531/-74.17794,40.56398/-74.17659,40.56324/-74.17489,40.56283/-74.17146,40.56138/-74.16983,40.56108/
Arlington;Staten Island;-74.15975,40.64142/-74.15998,40.64145/-74.16037,40.64158/-74.16111,40.64184/-74.16118,40.64201/-74.16135,40.6435/-74.16146,40.64429/-74.16146,40.64429/-74.15799,40.64386/-74.15743,40.6433/-74.15755,40.64325/-74.15792,40.64308/-74.15813,40.64263/-74.15828,40.64256/-74.1584,40.64254/-74.15848,40.64254/-74.15855,40.6425/-74.15858,40.64243/-74.15866,40.64231/-74.15874,40.642/-74.15881,40.64176/-74.1592,40.64165/-74.15946,40.64145/-74.15975,40.64142/
Arrochar;Staten Island;-74.06078,40.59319/-74.06079,40.59318/-74.06215,40.59203/-74.06304,40.59109/-74.06503,40.58899/-74.06448,40.5884/-74.06436,40.58827/-74.06452,40.58835/-74.06478,40.58849/-74.0672,40.58675/-74.06722,40.58673/-74.06942,40.58465/-74.07048,40.58508/-74.08024,40.59007/-74.08241,40.59321/-74.08375,40.59549/-74.08588,40.59589/-74.08559,40.59658/-74.08551,40.59678/-74.08537,40.59691/-74.08494,40.59731/-74.08481,40.59744/-74.08474,40.59746/-74.08171,40.59856/-74.07716,40.59839/-74.0749,40.59761/-74.07387,40.59764/-74.07362,40.59721/-74.06464,40.60018/-74.06208,40.59684/-74.06183,40.59631/-74.0624,40.59585/-74.06283,40.59524/-74.06078,40.59319/
Arverne;Queens;-73.78953,40.59997/-73.78954,40.59994/-73.78956,40.59991/-73.7896,40.59987/-73.7897,40.5998/-73.78977,40.59975/-73.78977,40.59973/-73.78978,40.59972/-73.7898,40.59972/-73.78981,40.5997/-73.78983,40.59966/-73.78988,40.59959/-73.78991,40.59954/-73.78993,40.59952/-73.78998,40.59946/-73.79,40.59944/-73.79001,40.59941/-73.79005,40.59937/-73.79014,40.59935/-73.79024,40.5993/-73.79031,40.59926/-73.79034,40.59919/-73.79032,40.59905/-73.79035,40.59889/-73.79043,40.59865/-73.79066,40.59811/-73.79066,40.59809/-73.79068,40.59805/-73.79074,40.59789/-73.79079,40.59779/-73.79081,40.59771/-73.79085,40.59758/-73.79092,40.59746/-73.79093,40.59741/-73.79094,40.5974/-73.79096,40.59739/-73.791,40.59734/-73.79103,40.5973/-73.79106,40.59725/-73.79107,40.5972/-73.79108,40.59715/-73.79107,40.59704/-73.79107,40.59701/-73.79109,40.59697/-73.7911,40.59695/-73.79109,40.59692/-73.79107,40.5969/-73.79107,40.59687/-73.79107,40.59685/-73.79108,40.59683/-73.7911,40.59681/-73.7911,40.59679/-73.79109,40.59674/-73.79108,40.5967/-73.79107,40.59668/-73.79107,40.59664/-73.79106,40.59652/-73.79105,40.5965/-73.79102,40.59646/-73.791,40.59642/-73.79099,40.59639/-73.79099,40.5963/-73.79097,40.59621/-73.79096,40.59616/-73.79094,40.59612/-73.79094,40.59607/-73.79094,40.59603/-73.79094,40.59601/-73.79093,40.59598/-73.79093,40.59596/-73.79093,40.59588/-73.79095,40.59581/-73.79102,40.59563/-73.79103,40.59557/-73.79104,40.59552/-73.79102,40.59545/-73.791,40.5954/-73.79099,40.59537/-73.79097,40.59532/-73.79095,40.59523/-73.79094,40.59519/-73.7909,40.59509/-73.79086,40.59501/-73.79078,40.59492/-73.79073,40.5949/-73.79071,40.59488/-73.79069,40.59486/-73.79065,40.59478/-73.79054,40.59476/-73.79042,40.59475/-73.79044,40.59483/-73.79046,40.59496/-73.79057,40.59495/-73.79071,40.59609/-73.7908,40.59608/-73.79081,40.59609/-73.79059,40.59611/-73.79059,40.5961/-73.79068,40.59609/-73.79054,40.59498/-73.79043,40.59499/-73.79041,40.59486/-73.79032,40.59486/-73.79032,40.59485/-73.7904,40.59484/-73.7904,40.59483/-73.79038,40.59479/-73.79038,40.59475/-73.7903,40.59475/-73.79015,40.59477/-73.79016,40.59482/-73.79017,40.59487/-73.79032,40.59605/-73.79042,40.59604/-73.79042,40.59605/-73.79018,40.59607/-73.79018,40.59606/-73.79028,40.59605/-73.79013,40.59487/-73.79012,40.59482/-73.79011,40.59477/-73.78995,40.59481/-73.78991,40.59481/-73.7899,40.5948/-73.78987,40.59472/-73.78986,40.59472/-73.7899,40.59482/-73.78988,40.59482/-73.78985,40.59472/-73.78979,40.59473/-73.78982,40.59483/-73.78981,40.59484/-73.78978,40.59473/-73.78974,40.59474/-73.78971,40.59478/-73.78968,40.59481/-73.78967,40.59484/-73.78971,40.59484/-73.78973,40.59494/-73.78987,40.5962/-73.79,40.5962/-73.79,40.59621/-73.7897,40.59623/-73.7897,40.59622/-73.78984,40.59621/-73.78969,40.59495/-73.78967,40.59486/-73.78946,40.595/-73.78942,40.59496/-73.78941,40.59495/-73.7894,40.59495/-73.7894,40.59496/-73.78941,40.595/-73.78942,40.59502/-73.78942,40.59504/-73.78938,40.59511/-73.78938,40.59516/-73.78938,40.59518/-73.78935,40.59519/-73.78933,40.5952/-73.7893,40.59519/-73.78927,40.59519/-73.78924,40.59519/-73.78921,40.59518/-73.78918,40.59519/-73.78919,40.59521/-73.78919,40.59523/-73.78919,40.59528/-73.78918,40.5953/-73.78914,40.59534/-73.78911,40.59547/-73.78912,40.59557/-73.78919,40.59563/-73.7892,40.59565/-73.78921,40.59567/-73.78922,40.59569/-73.78921,40.59572/-73.78919,40.59574/-73.78917,40.59576/-73.78915,40.59579/-73.78915,40.59581/-73.78913,40.59583/-73.78912,40.59585/-73.78911,40.59588/-73.78911,40.5959/-73.78912,40.59591/-73.78914,40.59593/-73.78927,40.59645/-73.78926,40.59692/-73.78922,40.59711/-73.78921,40.59714/-73.78913,40.59736/-73.78919,40.5976/-73.7884,40.59753/-73.78805,40.5945/-73.78704,40.59491/-73.78587,40.59498/-73.78539,40.58879/-73.78877,40.58797/-73.78854,40.58756/-73.78878,40.58745/-73.78945,40.58762/-73.79434,40.58676/-73.79602,40.58632/-73.7967,40.58637/-73.79688,40.58632/-73.79687,40.58638/-73.79687,40.58647/-73.79686,40.58654/-73.80045,40.58601/-73.80041,40.58655/-73.80068,40.58676/-73.80125,40.59087/-73.80452,40.59049/-73.80533,40.59052/-73.80528,40.59168/-73.80523,40.59167/-73.80517,40.59164/-73.8051,40.59161/-73.80504,40.59158/-73.80476,40.59145/-73.8047,40.59143/-73.80465,40.59142/-73.80463,40.59141/-73.80456,40.59138/-73.80449,40.59136/-73.80436,40.59131/-73.80434,40.59131/-73.80433,40.59131/-73.80433,40.59131/-73.8043,40.59132/-73.80428,40.59133/-73.80427,40.59135/-73.80425,40.59137/-73.80422,40.59145/-73.80419,40.59162/-73.80416,40.59174/-73.80417,40.59185/-73.80496,40.59217/-73.80556,40.59242/-73.806,40.59261/-73.80701,40.59305/-73.80706,40.59307/-73.80709,40.59307/-73.80712,40.59307/-73.80715,40.59305/-73.8072,40.59305/-73.80725,40.59305/-73.8073,40.59306/-73.80732,40.59307/-73.80734,40.59308/-73.80756,40.59323/-73.80761,40.59327/-73.80774,40.59334/-73.80779,40.59335/-73.80781,40.59336/-73.80782,40.59337/-73.80783,40.59337/-73.80783,40.59337/-73.80784,40.59338/-73.80787,40.59343/-73.80793,40.59351/-73.80796,40.59355/-73.80797,40.59357/-73.80805,40.59365/-73.80803,40.59367/-73.808,40.59367/-73.808,40.5937/-73.80798,40.59372/-73.80795,40.59373/-73.80794,40.59374/-73.80791,40.59376/-73.80789,40.59378/-73.80786,40.59382/-73.80782,40.59388/-73.80781,40.59391/-73.80781,40.59395/-73.80781,40.59397/-73.8078,40.594/-73.8078,40.594/-73.8078,40.59402/-73.80781,40.59403/-73.80783,40.59404/-73.80786,40.59406/-73.80787,40.59406/-73.80788,40.59407/-73.80788,40.59408/-73.8079,40.59411/-73.80791,40.59412/-73.80792,40.59413/-73.80793,40.59413/-73.80796,40.59413/-73.80796,40.59414/-73.80797,40.59414/-73.80797,40.59414/-73.80798,40.59415/-73.80798,40.59415/-73.80798,40.59416/-73.8079,40.5943/-73.80711,40.59528/-73.80697,40.59533/-73.8069,40.59539/-73.80687,40.59541/-73.80677,40.59542/-73.80655,40.59545/-73.80618,40.59555/-73.80609,40.59556/-73.80604,40.59555/-73.80583,40.59547/-73.80577,40.59543/-73.80547,40.59532/-73.80543,40.59529/-73.80541,40.59529/-73.80541,40.59528/-73.8054,40.59529/-73.80539,40.59529/-73.80537,40.59529/-73.80537,40.5953/-73.80537,40.5953/-73.80536,40.5953/-73.80536,40.5953/-73.80536,40.5953/-73.80536,40.5953/-73.80535,40.59529/-73.80535,40.59529/-73.80535,40.59529/-73.80535,40.59529/-73.80535,40.59529/-73.80535,40.59529/-73.80535,40.59528/-73.80535,40.59527/-73.80534,40.59526/-73.80534,40.59526/-73.80531,40.59524/-73.80522,40.59521/-73.80517,40.59519/-73.80515,40.59519/-73.80515,40.59519/-73.80511,40.59518/-73.80506,40.59516/-73.80502,40.59514/-73.80497,40.59512/-73.80491,40.59509/-73.80485,40.59506/-73.80479,40.59501/-73.80473,40.59497/-73.80471,40.59496/-73.80464,40.59491/-73.80464,40.59489/-73.80464,40.59489/-73.80465,40.59487/-73.80465,40.59486/-73.80465,40.59484/-73.80465,40.59483/-73.80465,40.59483/-73.80464,40.59482/-73.80464,40.59482/-73.80464,40.59482/-73.80463,40.59481/-73.80462,40.5948/-73.80457,40.59479/-73.80455,40.59478/-73.80452,40.59476/-73.80451,40.59476/-73.8045,40.59476/-73.80449,40.59475/-73.80448,40.59474/-73.80446,40.59471/-73.80444,40.59467/-73.80443,40.59465/-73.80432,40.59453/-73.80429,40.59448/-73.80424,40.59442/-73.80411,40.59432/-73.80409,40.59429/-73.80404,40.59418/-73.80403,40.59407/-73.80401,40.59392/-73.80401,40.59382/-73.80401,40.59377/-73.80401,40.59373/-73.80401,40.59371/-73.80403,40.59367/-73.80403,40.59364/-73.80403,40.59359/-73.80403,40.59358/-73.80403,40.59357/-73.80404,40.59355/-73.80404,40.59355/-73.80404,40.59354/-73.80405,40.59354/-73.80406,40.59354/-73.80407,40.59354/-73.8041,40.59353/-73.80413,40.59351/-73.80406,40.59336/-73.80405,40.59326/-73.80403,40.59321/-73.80401,40.59318/-73.80395,40.59313/-73.80391,40.59309/-73.80389,40.59308/-73.80385,40.59306/-73.80383,40.59306/-73.80379,40.59302/-73.80376,40.593/-73.80376,40.593/-73.80375,40.593/-73.80375,40.59299/-73.80375,40.59299/-73.80375,40.59298/-73.80375,40.59298/-73.80375,40.59297/-73.80377,40.59294/-73.80377,40.59293/-73.80378,40.59293/-73.8038,40.59291/-73.8038,40.5929/-73.80381,40.5929/-73.80381,40.59289/-73.8038,40.59289/-73.80379,40.59289/-73.80379,40.59289/-73.80377,40.59288/-73.80371,40.59288/-73.80369,40.59289/-73.80368,40.59289/-73.80362,40.59294/-73.80328,40.59276/-73.80308,40.59261/-73.80305,40.59259/-73.80304,40.59258/-73.80303,40.59258/-73.80302,40.59258/-73.80298,40.59258/-73.80298,40.59258/-73.80295,40.5926/-73.80295,40.5926/-73.80244,40.59264/-73.80246,40.59286/-73.80249,40.59329/-73.80238,40.59329/-73.80251,40.59395/-73.80314,40.59385/-73.80312,40.59376/-73.80314,40.59376/-73.80317,40.59386/-73.80318,40.59395/-73.80317,40.59395/-73.80314,40.59387/-73.80251,40.59397/-73.80257,40.59427/-73.80274,40.59425/-73.80324,40.59419/-73.80322,40.59409/-73.80324,40.59409/-73.80329,40.59428/-73.80326,40.59429/-73.80324,40.5942/-73.80282,40.59426/-73.80283,40.59429/-73.80272,40.5943/-73.80272,40.59427/-73.8026,40.59429/-73.80261,40.5943/-73.80271,40.59429/-73.80271,40.59431/-73.80258,40.59432/-73.80259,40.59438/-73.80234,40.5944/-73.80235,40.5945/-73.80277,40.59448/-73.80278,40.59456/-73.80304,40.59454/-73.8031,40.59456/-73.80312,40.59459/-73.80319,40.59466/-73.80347,40.5945/-73.80342,40.59445/-73.80344,40.59443/-73.80351,40.59451/-73.80349,40.59452/-73.80348,40.59452/-73.8032,40.59468/-73.80321,40.59469/-73.80338,40.59487/-73.80366,40.59473/-73.80372,40.59482/-73.80371,40.59482/-73.80365,40.59475/-73.80338,40.59489/-73.80336,40.59489/-73.80334,40.59487/-73.8032,40.59487/-73.8032,40.59494/-73.80338,40.59493/-73.80338,40.59495/-73.8032,40.59495/-73.80321,40.59501/-73.80339,40.59501/-73.80339,40.59502/-73.80321,40.59503/-73.80321,40.59515/-73.80331,40.59515/-73.80331,40.59517/-73.80335,40.59516/-73.80335,40.59516/-73.80364,40.59513/-73.8039,40.59499/-73.80391,40.595/-73.80365,40.59515/-73.80331,40.59518/-73.80331,40.59518/-73.80333,40.59519/-73.80343,40.59519/-73.8035,40.59518/-73.80354,40.59517/-73.80357,40.59516/-73.8036,40.59516/-73.80362,40.59517/-73.80365,40.59518/-73.80367,40.59519/-73.80368,40.5952/-73.80411,40.59569/-73.80428,40.59588/-73.8044,40.59604/-73.8045,40.59617/-73.80459,40.59629/-73.80469,40.59637/-73.80472,40.59641/-73.80473,40.59644/-73.80474,40.59649/-73.80475,40.59653/-73.80478,40.59657/-73.80486,40.59673/-73.80495,40.59674/-73.80501,40.59676/-73.80502,40.59676/-73.80502,40.59676/-73.80509,40.59677/-73.8051,40.59671/-73.80511,40.59669/-73.8051,40.59661/-73.80513,40.59661/-73.80515,40.59672/-73.80515,40.59672/-73.80516,40.59673/-73.80521,40.59673/-73.80522,40.59677/-73.80522,40.59677/-73.80523,40.59679/-73.80521,40.59679/-73.80521,40.59681/-73.8052,40.59689/-73.80525,40.5969/-73.80525,40.59695/-73.8052,40.59694/-73.8052,40.59696/-73.80524,40.59696/-73.80525,40.59703/-73.80521,40.59704/-73.80522,40.59719/-73.80519,40.59719/-73.80518,40.59713/-73.80518,40.59705/-73.80517,40.59697/-73.80517,40.5969/-73.80518,40.59679/-73.80516,40.59679/-73.80516,40.59677/-73.80517,40.59677/-73.80516,40.59676/-73.80515,40.59676/-73.80514,40.59682/-73.8051,40.59682/-73.8051,40.59681/-73.80501,40.59681/-73.80501,40.59679/-73.80497,40.59678/-73.80497,40.59679/-73.80495,40.59678/-73.80495,40.59676/-73.80493,40.59676/-73.80488,40.59675/-73.80494,40.59686/-73.80503,40.597/-73.80508,40.5971/-73.80511,40.59715/-73.80505,40.59721/-73.80497,40.59727/-73.80493,40.5973/-73.80485,40.59742/-73.80477,40.59753/-73.80475,40.59755/-73.80473,40.59763/-73.80473,40.59764/-73.80473,40.59765/-73.80472,40.59766/-73.80472,40.59767/-73.80471,40.59767/-73.8047,40.59768/-73.80469,40.59769/-73.80468,40.5977/-73.80467,40.5977/-73.80464,40.59771/-73.80462,40.59771/-73.8046,40.59771/-73.80458,40.59771/-73.80456,40.59771/-73.80451,40.59771/-73.80449,40.59772/-73.80446,40.59773/-73.80446,40.59773/-73.80444,40.59773/-73.80444,40.59772/-73.80444,40.59772/-73.80442,40.59773/-73.80442,40.59774/-73.80441,40.59775/-73.80439,40.59775/-73.80438,40.59775/-73.80436,40.59777/-73.80436,40.59777/-73.80435,40.59778/-73.80435,40.59778/-73.80434,40.59778/-73.80432,40.59779/-73.80431,40.59779/-73.80431,40.5978/-73.8043,40.5978/-73.80429,40.5978/-73.80429,40.5978/-73.80428,40.5978/-73.80426,40.5978/-73.80424,40.59781/-73.80423,40.59782/-73.80423,40.59782/-73.80423,40.59783/-73.80423,40.59783/-73.80422,40.59783/-73.80421,40.59783/-73.8042,40.59783/-73.80419,40.59783/-73.80417,40.59784/-73.80413,40.59787/-73.80411,40.59787/-73.8041,40.59787/-73.80409,40.59787/-73.80407,40.59787/-73.80405,40.59789/-73.80404,40.5979/-73.80393,40.59794/-73.80392,40.59795/-73.80391,40.598/-73.80391,40.59802/-73.8039,40.59803/-73.80389,40.59804/-73.80389,40.59805/-73.80389,40.59805/-73.80388,40.59806/-73.80388,40.59806/-73.80387,40.59806/-73.80386,40.59805/-73.80385,40.59805/-73.80385,40.59806/-73.80385,40.59806/-73.80385,40.59807/-73.80386,40.59808/-73.80386,40.59808/-73.80386,40.59809/-73.80385,40.5981/-73.80385,40.5981/-73.80384,40.5981/-73.80382,40.59809/-73.80381,40.59809/-73.80381,40.59808/-73.8038,40.59808/-73.80378,40.59809/-73.80377,40.59809/-73.80371,40.59811/-73.80369,40.59812/-73.80369,40.59813/-73.80368,40.59814/-73.80369,40.59817/-73.80368,40.59818/-73.80368,40.59818/-73.80367,40.59818/-73.80366,40.59817/-73.80366,40.59816/-73.80365,40.59816/-73.80365,40.59816/-73.80365,40.59817/-73.80364,40.59818/-73.80364,40.59819/-73.80362,40.59819/-73.80362,40.59819/-73.8036,40.59819/-73.80359,40.59819/-73.80358,40.59821/-73.80358,40.59822/-73.80357,40.59823/-73.80358,40.59824/-73.80358,40.59825/-73.80357,40.59828/-73.80356,40.59829/-73.80355,40.5983/-73.80354,40.5983/-73.80353,40.59829/-73.80352,40.59829/-73.80352,40.59829/-73.80352,40.5983/-73.80351,40.59831/-73.80351,40.59832/-73.80349,40.59833/-73.80345,40.59837/-73.80345,40.59838/-73.80345,40.59839/-73.80345,40.5984/-73.80344,40.5984/-73.80343,40.5984/-73.80342,40.5984/-73.80341,40.5984/-73.8034,40.59841/-73.80339,40.59841/-73.8034,40.59842/-73.80343,40.59844/-73.80343,40.59845/-73.80343,40.59845/-73.80342,40.59846/-73.80342,40.59846/-73.8034,40.59848/-73.80339,40.59849/-73.80339,40.5985/-73.80339,40.5985/-73.80339,40.59851/-73.80338,40.59852/-73.80337,40.59852/-73.80336,40.59852/-73.80335,40.59852/-73.80334,40.59852/-73.80333,40.59852/-73.80331,40.59852/-73.80328,40.59854/-73.80326,40.59855/-73.80324,40.59857/-73.8032,40.5986/-73.80317,40.59865/-73.80313,40.59869/-73.80311,40.59871/-73.8031,40.59872/-73.80307,40.59873/-73.80304,40.59875/-73.80303,40.59877/-73.80302,40.59878/-73.80301,40.59881/-73.803,40.59882/-73.80299,40.59883/-73.80298,40.59884/-73.80296,40.59886/-73.80292,40.59887/-73.80289,40.59888/-73.80286,40.59889/-73.80283,40.5989/-73.8028,40.59891/-73.80271,40.59892/-73.80267,40.59893/-73.80266,40.59894/-73.80263,40.59894/-73.80257,40.59893/-73.80242,40.59893/-73.80234,40.59892/-73.80219,40.5989/-73.80208,40.59887/-73.80201,40.59885/-73.80196,40.59885/-73.80189,40.59886/-73.80177,40.59889/-73.80167,40.5989/-73.80147,40.59899/-73.80123,40.59912/-73.80095,40.59915/-73.80095,40.59918/-73.80091,40.59918/-73.80089,40.5992/-73.8009,40.59931/-73.80089,40.59931/-73.8009,40.59934/-73.80091,40.59934/-73.80092,40.59939/-73.80088,40.59939/-73.80088,40.59934/-73.80089,40.59934/-73.80088,40.59931/-73.80087,40.59931/-73.80086,40.59921/-73.80082,40.59919/-73.80078,40.59919/-73.80078,40.59916/-73.80057,40.59918/-73.80057,40.5992/-73.8005,40.5992/-73.80051,40.59933/-73.80047,40.59933/-73.80047,40.59928/-73.80046,40.59928/-73.80045,40.59918/-73.79934,40.59925/-73.79916,40.59926/-73.79917,40.59932/-73.79919,40.59932/-73.7992,40.59937/-73.79919,40.59937/-73.79919,40.59942/-73.79914,40.59942/-73.79914,40.59937/-73.79913,40.59937/-73.79912,40.59932/-73.79915,40.59932/-73.79914,40.59926/-73.79879,40.59926/-73.79869,40.59926/-73.79862,40.59921/-73.79853,40.59918/-73.79843,40.59917/-73.79831,40.59919/-73.79824,40.5992/-73.79817,40.59922/-73.79811,40.59925/-73.79811,40.5993/-73.79782,40.59932/-73.79769,40.59933/-73.79562,40.59944/-73.79562,40.59946/-73.79554,40.59947/-73.79555,40.5995/-73.79547,40.5995/-73.79546,40.59947/-73.79531,40.59948/-73.79519,40.59945/-73.79507,40.59943/-73.79495,40.59942/-73.79482,40.59941/-73.7947,40.59941/-73.79457,40.59942/-73.79445,40.59943/-73.79433,40.59945/-73.79421,40.59948/-73.7941,40.59951/-73.79398,40.59955/-73.79388,40.5996/-73.79377,40.59965/-73.79367,40.59971/-73.79358,40.59977/-73.79355,40.59978/-73.79352,40.59982/-73.79348,40.59985/-73.79346,40.59987/-73.79343,40.59988/-73.79341,40.5999/-73.79338,40.59993/-73.79336,40.59995/-73.79335,40.59995/-73.79334,40.59995/-73.79332,40.59997/-73.79331,40.59997/-73.79326,40.59997/-73.79319,40.59996/-73.79317,40.59996/-73.79314,40.59998/-73.79312,40.59999/-73.7931,40.59999/-73.79304,40.59998/-73.79298,40.59999/-73.79291,40.59999/-73.7929,40.59998/-73.79288,40.59996/-73.79285,40.59995/-73.79281,40.59996/-73.79278,40.59994/-73.79277,40.59994/-73.79276,40.59995/-73.79274,40.59999/-73.79274,40.6/-73.7927,40.60001/-73.79267,40.60001/-73.79263,40.60001/-73.79262,40.60001/-73.79262,40.60002/-73.79261,40.60004/-73.7926,40.60005/-73.79259,40.60005/-73.79256,40.60004/-73.79254,40.60005/-73.79252,40.60004/-73.79251,40.60002/-73.79249,40.60002/-73.79246,40.60001/-73.79243,40.6/-73.79236,40.59995/-73.79233,40.59995/-73.79229,40.59999/-73.79228,40.60002/-73.79227,40.60002/-73.79226,40.60001/-73.79224,40.60001/-73.79221,40.60001/-73.79219,40.60002/-73.7922,40.60004/-73.79219,40.60005/-73.79216,40.60005/-73.79214,40.60006/-73.79213,40.60008/-73.79211,40.60009/-73.79209,40.60011/-73.79208,40.60014/-73.79206,40.60016/-73.79205,40.60017/-73.79205,40.60018/-73.79204,40.60021/-73.79203,40.60022/-73.79193,40.60025/-73.79191,40.60027/-73.79189,40.60028/-73.79185,40.60029/-73.7918,40.6003/-73.79172,40.60032/-73.79159,40.60033/-73.79154,40.60035/-73.79147,40.60039/-73.79142,40.60043/-73.79131,40.6005/-73.79119,40.6006/-73.79116,40.60063/-73.79108,40.60069/-73.79096,40.6008/-73.79087,40.60092/-73.79085,40.60094/-73.79082,40.60096/-73.79079,40.60098/-73.79076,40.60099/-73.79074,40.60101/-73.79072,40.60103/-73.7907,40.60105/-73.7907,40.60107/-73.79069,40.60108/-73.79067,40.6011/-73.79065,40.60111/-73.79062,40.60112/-73.79059,40.60112/-73.79056,40.60113/-73.79054,40.60114/-73.79051,40.60114/-73.79045,40.60114/-73.79043,40.60115/-73.7904,40.60115/-73.79038,40.60116/-73.7903,40.60121/-73.79025,40.60124/-73.79009,40.60137/-73.79,40.60143/-73.78994,40.60151/-73.78985,40.6016/-73.7898,40.60164/-73.78975,40.60168/-73.7897,40.6017/-73.78961,40.60177/-73.78949,40.60188/-73.7894,40.60197/-73.78933,40.60201/-73.78907,40.60219/-73.78901,40.60224/-73.78896,40.60229/-73.78889,40.60234/-73.78865,40.60251/-73.78857,40.60258/-73.78852,40.60263/-73.78837,40.60273/-73.78832,40.60276/-73.78828,40.60279/-73.78821,40.60284/-73.78811,40.60293/-73.78808,40.60296/-73.78804,40.60298/-73.78798,40.60302/-73.7879,40.60308/-73.78786,40.60311/-73.78782,40.60312/-73.78779,40.60313/-73.78777,40.60314/-73.7877,40.60312/-73.78767,40.60311/-73.78762,40.60312/-73.78758,40.60313/-73.78743,40.60319/-73.78734,40.60322/-73.7873,40.60323/-73.78727,40.60324/-73.78664,40.60326/-73.7865,40.60325/-73.78635,40.60319/-73.7863,40.60316/-73.7863,40.60315/-73.78631,40.60314/-73.78631,40.60312/-73.78629,40.60311/-73.78626,40.60311/-73.78622,40.6031/-73.78617,40.60307/-73.78617,40.60307/-73.78617,40.60305/-73.78618,40.60303/-73.7862,40.60301/-73.78624,40.60298/-73.78629,40.60293/-73.78634,40.6029/-73.78639,40.60287/-73.78643,40.60284/-73.78647,40.6028/-73.78651,40.60276/-73.78647,40.60272/-73.78659,40.60265/-73.78663,40.60268/-73.78677,40.6026/-73.7869,40.60251/-73.78716,40.60233/-73.78721,40.60226/-73.78728,40.60211/-73.78733,40.60201/-73.78742,40.60186/-73.78746,40.60179/-73.78751,40.60168/-73.78755,40.60162/-73.78757,40.60156/-73.78763,40.60144/-73.78766,40.60137/-73.78775,40.60125/-73.78789,40.60104/-73.78793,40.601/-73.788,40.60094/-73.78807,40.60085/-73.78835,40.60064/-73.7885,40.60054/-73.78863,40.60048/-73.78876,40.60038/-73.78887,40.60032/-73.78899,40.60024/-73.78909,40.60019/-73.78913,40.60015/-73.78919,40.60013/-73.78924,40.6001/-73.78926,40.60006/-73.78927,40.60004/-73.78928,40.60002/-73.7893,40.60001/-73.78936,40.6/-73.78939,40.59999/-73.78946,40.6/-73.78953,40.59997/
Astoria;Queens;-73.9016,40.76777/-73.9027,40.76689/-73.90357,40.76578/-73.90218,40.76267/-73.90108,40.75812/-73.90087,40.75767/-73.90737,40.75699/-73.90783,40.757/-73.90907,40.75757/-73.91062,40.75548/-73.91129,40.75581/-73.91157,40.75548/-73.91176,40.75557/-73.91352,40.7535/-73.91447,40.75366/-73.92087,40.75668/-73.92337,40.75359/-73.92975,40.75658/-73.92538,40.76197/-73.92843,40.76342/-73.93779,40.7687/-73.93806,40.76877/-73.93758,40.76892/-73.93681,40.7689/-73.93681,40.7689/-73.93669,40.76913/-73.93671,40.76925/-73.9364,40.76947/-73.93617,40.76952/-73.93574,40.76937/-73.93574,40.76937/-73.93573,40.76937/-73.93524,40.76968/-73.9349,40.77004/-73.93469,40.77043/-73.93515,40.77054/-73.93501,40.77116/-73.93494,40.77116/-73.9349,40.77127/-73.93453,40.77118/-73.93449,40.77131/-73.93486,40.77138/-73.93487,40.77135/-73.93495,40.77137/-73.93493,40.77144/-73.93484,40.77142/-73.93484,40.7714/-73.93448,40.77132/-73.93448,40.77132/-73.93444,40.77146/-73.93483,40.77158/-73.9348,40.77173/-73.93746,40.77253/-73.93781,40.77356/-73.93786,40.77409/-73.93765,40.77509/-73.93638,40.77692/-73.93609,40.77718/-73.93585,40.77721/-73.93508,40.77794/-73.93474,40.77808/-73.9339,40.77812/-73.93277,40.77792/-73.93272,40.77803/-73.93179,40.77787/-73.93105,40.77744/-73.93107,40.77726/-73.93063,40.77659/-73.92988,40.77622/-73.92988,40.77622/-73.92987,40.77622/-73.9286,40.77659/-73.92828,40.7769/-73.92398,40.77462/-73.92304,40.77539/-73.92232,40.77441/-73.91726,40.77078/-73.91656,40.7704/-73.9056,40.76872/-73.90467,40.76854/-73.90391,40.76814/-73.9016,40.76777/
Bath Beach;Brooklyn;-73.99381,40.60195/-73.99962,40.59647/-74.00047,40.59594/-74.00017,40.59555/-74.00184,40.59398/-74.002,40.59413/-74.00363,40.59608/-74.00397,40.59634/-74.00418,40.5965/-74.00553,40.59754/-74.00922,40.59984/-74.0109,40.60072/-74.01237,40.60135/-74.01478,40.60208/-74.01563,40.60224/-74.01563,40.60224/-74.01618,40.60234/-74.01653,40.6024/-74.01832,40.60242/-74.01914,40.60261/-74.01943,40.60284/-74.01864,40.60366/-74.01915,40.60382/-74.01853,40.60446/-74.01747,40.60496/-74.0155,40.60684/-74.01702,40.60766/-74.01173,40.61274/-73.99381,40.60195/
Battery Park City;Manhattan;-74.01375,40.71369/-74.01426,40.71093/-74.01654,40.70473/-74.01617,40.70257/-74.01563,40.70186/-74.01513,40.70139/-74.01401,40.70104/-74.01396,40.70097/-74.0141,40.70051/-74.01409,40.70051/-74.01415,40.70032/-74.01422,40.70011/-74.01431,40.70012/-74.01431,40.70013/-74.01418,40.70054/-74.01416,40.70054/-74.01415,40.70058/-74.01429,40.70064/-74.0143,40.70063/-74.01432,40.70061/-74.01456,40.70031/-74.01463,40.7002/-74.01467,40.70021/-74.01467,40.70024/-74.01461,40.70032/-74.01432,40.70066/-74.01464,40.70082/-74.01507,40.70032/-74.0151,40.70033/-74.01467,40.70083/-74.01481,40.7009/-74.01483,40.70089/-74.01502,40.70099/-74.01514,40.70084/-74.01568,40.70126/-74.01614,40.70165/-74.01653,40.70204/-74.01682,40.70234/-74.01715,40.70271/-74.01725,40.70284/-74.0174,40.70302/-74.01744,40.70308/-74.01754,40.70324/-74.01758,40.70331/-74.01762,40.70342/-74.01763,40.70342/-74.01765,40.70349/-74.01767,40.70361/-74.01768,40.70371/-74.01767,40.70371/-74.01768,40.70377/-74.01767,40.70383/-74.01767,40.7039/-74.01766,40.70393/-74.01764,40.70399/-74.01765,40.704/-74.01765,40.70401/-74.01764,40.70402/-74.01763,40.70402/-74.01763,40.70402/-74.01757,40.70418/-74.01779,40.70423/-74.01786,40.70408/-74.01775,40.70405/-74.01779,40.70395/-74.01782,40.70394/-74.01784,40.70396/-74.01781,40.70403/-74.01791,40.70405/-74.01794,40.70397/-74.01795,40.70398/-74.01784,40.70424/-74.01845,40.70416/-74.01867,40.70444/-74.01866,40.70444/-74.01752,40.70458/-74.01748,40.70467/-74.01804,40.70463/-74.01805,40.70463/-74.01807,40.70464/-74.01811,40.70455/-74.01886,40.70472/-74.01889,40.70473/-74.01893,40.70477/-74.01934,40.70609/-74.01912,40.70698/-74.0191,40.707/-74.01907,40.70701/-74.01903,40.70701/-74.01895,40.707/-74.01895,40.70702/-74.01894,40.70703/-74.01891,40.70706/-74.01888,40.70709/-74.01886,40.7071/-74.01883,40.70712/-74.0188,40.70713/-74.01876,40.70714/-74.01873,40.70714/-74.01869,40.70714/-74.01866,40.70714/-74.01863,40.70714/-74.01858,40.70712/-74.01855,40.70711/-74.01857,40.70708/-74.01861,40.7071/-74.01864,40.70711/-74.01865,40.70708/-74.01869,40.70708/-74.01872,40.70708/-74.01875,40.70708/-74.01876,40.70708/-74.01875,40.70705/-74.01877,40.70704/-74.01879,40.70703/-74.01882,40.70702/-74.01885,40.70698/-74.01885,40.70697/-74.01881,40.70697/-74.0188,40.70698/-74.01878,40.707/-74.01874,40.70701/-74.01868,40.70702/-74.01865,40.70702/-74.01863,40.70701/-74.0186,40.70699/-74.01857,40.70694/-74.01856,40.70691/-74.01855,40.70691/-74.01854,40.70692/-74.01853,40.70695/-74.01822,40.70774/-74.01822,40.70775/-74.01819,40.70782/-74.01866,40.70792/-74.01865,40.70795/-74.0188,40.70798/-74.01883,40.708/-74.01885,40.70802/-74.01886,40.70805/-74.01861,40.70914/-74.01787,40.71232/-74.01777,40.71283/-74.01775,40.71285/-74.01773,40.71285/-74.01772,40.71284/-74.01772,40.71278/-74.0178,40.71235/-74.01663,40.71216/-74.01654,40.71246/-74.01659,40.71255/-74.01662,40.71265/-74.01662,40.71276/-74.01659,40.71286/-74.01656,40.71293/-74.01654,40.71296/-74.01648,40.71303/-74.01639,40.7131/-74.01632,40.71341/-74.01654,40.71344/-74.01691,40.7135/-74.01754,40.71361/-74.01757,40.71352/-74.01758,40.71344/-74.01765,40.71321/-74.01767,40.71307/-74.01767,40.71307/-74.01768,40.71306/-74.01768,40.71306/-74.01768,40.71306/-74.01769,40.71306/-74.01769,40.71306/-74.0177,40.71306/-74.0177,40.71306/-74.01771,40.71306/-74.01771,40.71306/-74.01771,40.71306/-74.01772,40.71306/-74.01772,40.71306/-74.01772,40.71307/-74.01772,40.71307/-74.01766,40.71344/-74.01671,40.71862/-74.01669,40.71865/-74.01666,40.71867/-74.01663,40.71867/-74.01595,40.71858/-74.01594,40.71859/-74.01567,40.71855/-74.01567,40.71854/-74.015,40.71845/-74.015,40.71847/-74.01499,40.71851/-74.01498,40.71852/-74.01497,40.71854/-74.01495,40.71854/-74.0147,40.71852/-74.01321,40.71832/-74.01307,40.71894/-74.01304,40.71909/-74.01244,40.71906/-74.01375,40.71369/
Bay Ridge;Brooklyn;-74.01475,40.63397/-74.01475,40.63397/-74.02122,40.61847/-74.02835,40.6228/-74.04165,40.62602/-74.04127,40.6287/-74.04106,40.63019/-74.03829,40.63592/-74.03681,40.63898/-74.03876,40.63959/-74.03869,40.63974/-74.03672,40.63914/-74.03634,40.6398/-74.03599,40.63969/-74.03537,40.6405/-74.03451,40.64109/-74.03323,40.64149/-74.03188,40.64167/-74.03027,40.64161/-74.02881,40.64133/-74.02577,40.64061/-74.02353,40.63932/-74.02133,40.63801/-74.01918,40.63663/-74.01475,40.63397/
Bay Terrace;Queens;-73.77065,40.78208/-73.7756,40.77932/-73.77584,40.77861/-73.79163,40.77424/-73.79272,40.77379/-73.79276,40.77401/-73.7944,40.78185/-73.79509,40.78586/-73.79548,40.78583/-73.79479,40.78672/-73.79498,40.78808/-73.79431,40.78906/-73.7938,40.78917/-73.79375,40.78906/-73.79375,40.78906/-73.79375,40.78906/-73.79367,40.78917/-73.79338,40.78958/-73.79324,40.78953/-73.79362,40.789/-73.79281,40.78878/-73.79235,40.78891/-73.79163,40.78949/-73.79108,40.78982/-73.7907,40.79006/-73.79028,40.79032/-73.78989,40.79037/-73.78931,40.79038/-73.78835,40.79033/-73.78568,40.79034/-73.78384,40.79064/-73.78253,40.79128/-73.78253,40.79128/-73.78253,40.79128/-73.78252,40.79135/-73.78441,40.79168/-73.7844,40.79172/-73.78434,40.79175/-73.78227,40.79137/-73.78175,40.79113/-73.78108,40.79168/-73.78108,40.79168/-73.78108,40.79168/-73.78077,40.79299/-73.78078,40.79319/-73.78085,40.79325/-73.78084,40.79328/-73.78159,40.79346/-73.78159,40.79345/-73.78158,40.79344/-73.78164,40.79331/-73.78168,40.79332/-73.78163,40.79345/-73.78161,40.79345/-73.78162,40.79347/-73.78166,40.79348/-73.78164,40.79353/-73.78082,40.79332/-73.78081,40.79335/-73.78072,40.79333/-73.7807,40.79365/-73.78079,40.79404/-73.781,40.79439/-73.78153,40.79472/-73.78181,40.7948/-73.7819,40.7949/-73.78258,40.79488/-73.78284,40.7949/-73.78311,40.79491/-73.78317,40.79488/-73.78325,40.79479/-73.78329,40.79476/-73.78332,40.79476/-73.78332,40.79479/-73.78329,40.79483/-73.78327,40.79483/-73.78327,40.79488/-73.78327,40.7949/-73.78326,40.79492/-73.78322,40.79496/-73.78317,40.79498/-73.78305,40.79499/-73.782,40.79498/-73.782,40.79498/-73.782,40.79498/-73.78182,40.79508/-73.78173,40.79543/-73.78166,40.79556/-73.78154,40.79566/-73.7799,40.79624/-73.7798,40.79621/-73.7798,40.79621/-73.7798,40.79621/-73.77945,40.79658/-73.77947,40.79661/-73.77943,40.79666/-73.77936,40.79669/-73.77928,40.79667/-73.77927,40.79664/-73.77871,40.7966/-73.77843,40.7967/-73.77807,40.79674/-73.77762,40.79665/-73.77687,40.79645/-73.77613,40.79606/-73.77472,40.79486/-73.77431,40.79443/-73.77401,40.79403/-73.77363,40.79275/-73.7732,40.79224/-73.77286,40.79198/-73.77233,40.79148/-73.77225,40.79123/-73.77227,40.79094/-73.77224,40.79075/-73.77224,40.79057/-73.77225,40.79048/-73.77213,40.79018/-73.77203,40.79006/-73.77194,40.79/-73.77185,40.78996/-73.77178,40.7899/-73.77173,40.78978/-73.77175,40.78969/-73.77063,40.78846/-73.77082,40.78798/-73.771,40.78788/-73.7714,40.78766/-73.77174,40.78746/-73.77355,40.78691/-73.77397,40.78678/-73.77427,40.78676/-73.77435,40.78677/-73.77439,40.78681/-73.77439,40.78686/-73.7742,40.78696/-73.7742,40.78703/-73.77423,40.78707/-73.77432,40.78708/-73.77445,40.78718/-73.77502,40.78739/-73.77629,40.78851/-73.77634,40.78849/-73.77505,40.78719/-73.77486,40.78708/-73.77481,40.78697/-73.77474,40.78693/-73.77463,40.78692/-73.77459,40.78688/-73.77451,40.78673/-73.77445,40.78668/-73.77426,40.78665/-73.7741,40.7863/-73.77408,40.78592/-73.77161,40.783/-73.77065,40.78208/
Bay Terrace, Staten Island;Staten Island;-74.13261,40.56345/-74.13311,40.56287/-74.13341,40.56213/-74.13481,40.5608/-74.12961,40.55749/-74.1282,40.55659/-74.12812,40.55653/-74.13609,40.55042/-74.13738,40.55147/-74.1388,40.5506/-74.13948,40.55107/-74.1415,40.54959/-74.14264,40.55074/-74.14352,40.55016/-74.14402,40.55102/-74.14476,40.55051/-74.14483,40.55105/-74.1456,40.55208/-74.14556,40.5532/-74.14655,40.55624/-74.14422,40.55834/-74.14374,40.55798/-74.14305,40.55846/-74.14386,40.55916/-74.14259,40.55989/-74.14313,40.56051/-74.14831,40.56492/-74.14687,40.56643/-74.14252,40.56389/-74.13963,40.56621/-74.13893,40.56726/-74.13462,40.56525/-74.13477,40.56451/-74.13261,40.56345/
Baychester;Bronx;-73.83111,40.86555/-73.8293,40.86224/-73.82912,40.86159/-73.82982,40.86197/-73.83093,40.86224/-73.8316,40.86263/-73.84122,40.86786/-73.84582,40.87024/-73.8486,40.87167/-73.8536,40.87329/-73.85364,40.8733/-73.85069,40.87549/-73.84546,40.87735/-73.84324,40.87911/-73.83582,40.87599/-73.83485,40.87539/-73.8342,40.87201/-73.83305,40.86924/-73.83111,40.86555/
Bayside;Queens;-73.74566,40.75158/-73.7441,40.74819/-73.74376,40.74756/-73.74648,40.74685/-73.74476,40.74333/-73.74573,40.74295/-73.74844,40.74334/-73.75349,40.74239/-73.75145,40.74023/-73.7499,40.73977/-73.74402,40.74077/-73.74371,40.7394/-73.74333,40.73888/-73.75629,40.73658/-73.76275,40.7353/-73.76247,40.73656/-73.76268,40.73726/-73.76361,40.73923/-73.76518,40.74245/-73.76563,40.74319/-73.76668,40.74388/-73.76702,40.74426/-73.76763,40.74553/-73.76812,40.74539/-73.76851,40.74513/-73.76921,40.74349/-73.76979,40.74295/-73.77082,40.74256/-73.77197,40.74238/-73.77325,40.74245/-73.77462,40.74301/-73.77513,40.74307/-73.7756,40.74303/-73.78053,40.75333/-73.78053,40.75333/-73.78168,40.75487/-73.78328,40.75744/-73.7838,40.75864/-73.78517,40.76093/-73.78534,40.76224/-73.78557,40.76293/-73.78814,40.76453/-73.79008,40.76652/-73.79225,40.76972/-73.79225,40.76972/-73.79225,40.77149/-73.79272,40.77379/-73.79163,40.77424/-73.77584,40.77861/-73.7756,40.77932/-73.77065,40.78208/-73.7705,40.78193/-73.7693,40.78077/-73.76902,40.78045/-73.76858,40.77988/-73.76834,40.77963/-73.76827,40.77962/-73.76816,40.77964/-73.76813,40.77959/-73.76823,40.7795/-73.7682,40.77944/-73.76716,40.77978/-73.76721,40.77987/-73.767,40.77993/-73.76707,40.78007/-73.76702,40.78009/-73.76693,40.77992/-73.76696,40.7799/-73.76689,40.77978/-73.76678,40.77981/-73.76676,40.77978/-73.76687,40.77975/-73.76686,40.77974/-73.76709,40.77967/-73.76714,40.77974/-73.76816,40.7794/-73.76816,40.77939/-73.76816,40.77939/-73.76815,40.77938/-73.76782,40.77881/-73.7676,40.7783/-73.76762,40.77799/-73.76709,40.77684/-73.76633,40.77584/-73.76595,40.77497/-73.7651,40.7738/-73.76418,40.77283/-73.76224,40.77122/-73.76263,40.7711/-73.7603,40.7687/-73.75826,40.7637/-73.75699,40.76227/-73.7584,40.76201/-73.75792,40.76042/-73.75805,40.76013/-73.75887,40.75994/-73.75962,40.75922/-73.76093,40.75903/-73.76166,40.75815/-73.76131,40.75696/-73.76142,40.75574/-73.76067,40.75487/-73.76015,40.75505/-73.76073,40.7559/-73.76067,40.75699/-73.75978,40.75785/-73.75798,40.75866/-73.75645,40.75889/-73.75348,40.75881/-73.75242,40.76009/-73.75046,40.75939/-73.74751,40.75614/-73.74602,40.75266/-73.74566,40.75158/
Bayswater;Queens;-73.76507,40.61357/-73.76502,40.61348/-73.76515,40.61309/-73.76512,40.61248/-73.76498,40.61233/-73.76506,40.61204/-73.7623,40.61136/-73.76172,40.61185/-73.76024,40.61082/-73.76178,40.60915/-73.76155,40.60903/-73.75998,40.61088/-73.75949,40.61082/-73.75972,40.61015/-73.75928,40.61037/-73.75719,40.61021/-73.75655,40.61016/-73.75586,40.61032/-73.75561,40.61008/-73.75587,40.61039/-73.75556,40.61012/-73.75518,40.61013/-73.755,40.61013/-73.75473,40.61041/-73.75346,40.61052/-73.75346,40.61052/-73.75346,40.61052/-73.75471,40.60638/-73.75601,40.60387/-73.758,40.60286/-73.75824,40.60255/-73.75953,40.60173/-73.76166,40.59997/-73.76159,40.5999/-73.76497,40.59738/-73.76672,40.59633/-73.76714,40.59629/-73.76772,40.59626/-73.76799,40.5976/-73.76812,40.59782/-73.7681,40.59785/-73.76807,40.59791/-73.76803,40.598/-73.76801,40.59805/-73.76797,40.59807/-73.76795,40.5981/-73.76794,40.59812/-73.76794,40.59813/-73.76794,40.59814/-73.76794,40.59815/-73.76796,40.59816/-73.76811,40.59822/-73.76827,40.59833/-73.76837,40.59835/-73.76857,40.59836/-73.7689,40.5984/-73.76889,40.59844/-73.76893,40.59847/-73.76898,40.59845/-73.76902,40.5985/-73.76905,40.59851/-73.76919,40.59851/-73.76926,40.5985/-73.76932,40.59853/-73.7697,40.59864/-73.77002,40.59878/-73.77034,40.59898/-73.77047,40.59897/-73.77062,40.59885/-73.77073,40.59881/-73.77086,40.59883/-73.77093,40.59886/-73.77102,40.59895/-73.77105,40.59902/-73.77116,40.59942/-73.77111,40.60055/-73.77096,40.60095/-73.77074,40.60154/-73.77084,40.60181/-73.77074,40.60195/-73.77062,40.60187/-73.77019,40.60275/-73.7704,40.60294/-73.77025,40.60304/-73.77016,40.60309/-73.77046,40.60389/-73.77047,40.60392/-73.77047,40.60394/-73.77057,40.60484/-73.77001,40.60534/-73.77006,40.60566/-73.76984,40.60628/-73.76991,40.60664/-73.77002,40.60722/-73.7698,40.6075/-73.76977,40.60754/-73.76978,40.60793/-73.76922,40.60845/-73.76894,40.60913/-73.769,40.60939/-73.76918,40.6097/-73.76982,40.61009/-73.77082,40.6103/-73.77125,40.61039/-73.77131,40.61043/-73.77149,40.61056/-73.77172,40.61073/-73.77185,40.61082/-73.77192,40.61096/-73.77216,40.61137/-73.77223,40.6115/-73.77252,40.6114/-73.77266,40.61135/-73.7734,40.61109/-73.77291,40.61026/-73.77288,40.6102/-73.77288,40.61019/-73.77288,40.61017/-73.77289,40.61016/-73.77291,40.61015/-73.77293,40.61015/-73.77295,40.61015/-73.77296,40.61015/-73.77297,40.61016/-73.77377,40.61126/-73.77394,40.61212/-73.77417,40.61183/-73.77404,40.61225/-73.77385,40.61287/-73.77384,40.61291/-73.77366,40.61325/-73.77354,40.61353/-73.77347,40.61363/-73.77339,40.61368/-73.77324,40.61368/-73.77297,40.61356/-73.77184,40.61393/-73.77174,40.61396/-73.77008,40.61397/-73.76933,40.61397/-73.76901,40.61406/-73.76835,40.61423/-73.76669,40.61425/-73.76516,40.61375/-73.76507,40.61357/